{
    "max_position_size": 13603.32,
    "max_portfolio_size": 80713.032,
    "max_drawdown": 20,
    "max_risk_per_trade": 0.11,
    "max_equity_equity": 36275.520000000004,
    "max_crypto_equity": 36275.520000000004
}