{"max_position_size": 154620.93890069748, "max_portfolio_size": 1089459.20119, "max_drawdown": 20, "max_risk_per_trade": 0.05,"max_equity_equity": 129000 , "max_crypto_equity": 403760.368}